Workbook

Sheet README
B1: AegisLife Insurance - Data Validation and Cleaning Workbook
B2: Data preparation for the risk_analytics_main database.
B4: Purpose:
B5: Before any of the five source tables were loaded into MySQL, they were checked here for the usual real-world issues -- inconsistent category spelling, wrong data types, orphaned foreign keys, and invalid date ranges. Every issue found, its scope , and the fix applied is logged in Data_Quality_Log.
B9: Sheets:
B10: Data_Quality_Log | C10: List of every inconsistency found, its suggested fix, and % of rows affected.
B11: Customer_Master | C11: 1,648 customers, gender & region typos standardized.
B12: Policy_Details | C12: 2.828 policies, product_type typos standardized.
C13: Inconsistency in policy start & end date flagged.
B14: Claim_History | C14: 1,406 claims, typos in claim_status standardized.
B15: Agent_Info | C15: 300 agents.
B16: Customer_Feedback_Surveys | C16: 369 feedbacks are orphan no customer record exists(no customer_id match).

Sheet Data_Quality_Log
A1: Data Quality Log:
A2: Every inconsistency found across all five source tables , before cleaning.
A4: Table | B4: Column | C4: Issue_Type | D4: Suggested_Action | E4: Rows_Affected | F4: Percentage of Total
A5: Customer_Master | B5: gender | C5: Inconsistent categories (typo/case) | D5: Standardize to Male/Female using Find & Select | E5: 11 | F5: =(E5 /COUNTA(customer_master!A2:A1649)) -> 0.0066747573
A6: Customer_Master | B6: region | C6: Inconsistent categories (typo) | D6: Standardize region spelling using Find & Select | E6: 10 | F6: =(E6 / COUNTA(customer_master!A2:A1649)) -> 0.0060679612
A7: Policy_Details | B7: product_type | C7: Inconsistent categories (typo) | D7: Standardize spelling using Find & Select | E7: 4 | F7: =(E7 / COUNTA(policy_details!A2:A2829)) -> 0.0014144272
A8: Policy_Details | B8: policy_start_date, policy_end_date | C8: Zero duration (policy end the same day it starts) | D8: Flagged for manual correction | E8: 2 | F8: =(E8/COUNTA(policy_details!A2:A2829)) -> 0.00070721358
A9: Claim_History | B9: claim_status | C9: Inconsistent categories (typo) | D9: Standardize spelling using Find & Select | E9: 6 | F9: =(E9 / COUNTA(claim_history!A2:A1407)) -> 0.0042674253
A10: Customer_Feddback_Surveys | B10: customer_id | C10: Orphan/Anonymous feedbacks (No linked customers) | D10: Exclude from customer level joins | E10: =COUNTIF(customer_feedback_surveys!H2:H1001, "Orphan") -> 369 | F10: =(E10 / COUNTA(customer_feedback_surveys!A2:A1001)) -> 0.369
A11: Policy_Details | B11: customer_id | C11: Orphan FK check(Policy_Details -> Customer_Master) | D11: None found - FK Integrity OK | E11: 0 | F11: =(E11 / COUNTA(policy_details!A2:A2829)) -> 0
A12: Policy_Details | B12: agent_id | C12: Orphan FK check(Policy_Details -> Agent_Info) | D12: None found - FK Integrity OK | E12: 0 | F12: =(E12 / COUNTA(policy_details!A2:A2829)) -> 0
A13: Claim_History | B13: policy_id | C13: Orphan FK check(Claim_History, Policy_Details) | D13: None found - FK Integrity OK | E13: 0 | F13: =(E13 / COUNTA(claim_history!A2:A1407)) -> 0

Sheet customer_master
A1: customer_id | B1: full_name | C1: age | D1: gender | E1: marital_status | F1: occupation | G1: region | H1: smoking_status | I1: pre_existing_illness | J1: risk_score | K1: date_joined | N1: Post cleaning validation
A2: CUST10000 | B2: Garrett Lane | C2: 23 | D2: Female | E2: Married | F2: Student | G2: East | H2: No | I2: No | J2: 0.22 | K2: 45478 | N2: Gender values outside Male, Female | O2: =COUNTIFS(D2:D1649, "<>Male", D2:D1649, "<>Female") -> 0
A3: CUST10001 | B3: Phillip Jimenez | C3: 66 | D3: Male | E3: Single | F3: Student | G3: North | H3: No | I3: No | J3: 0.3 | K3: 44131 | N3: Region values outside North, East, South, West, North-East, Central | O3: {=SUMPRODUCT(--ISNA(MATCH(G2:G1649,{"North","West","South","North-East","Central","East"},0)))} -> 0
A4: CUST10002 | B4: Kathleen Parker | C4: 59 | D4: Female | E4: Single | F4: Student | G4: South | H4: No | I4: No | J4: 0.11 | K4: 44679 | N4: Duplicate customer_ids | O4: {=SUMPRODUCT(--(COUNTIF(A2:A1649, A2:A1649) > 1))} -> 0
A5: CUST10003 | B5: Tony Wagner | C5: 45 | D5: Male | E5: Widowed | F5: Salaried | G5: South | H5: Yes | I5: No | J5: 0.32 | K5: 44566
A6: CUST10004 | B6: Cindy Gomez | C6: 45 | D6: Female | E6: Divorced | F6: Salaried | G6: South | H6: Yes | I6: No | J6: 0.45 | K6: 45691
A7: CUST10005 | B7: Johnny Khan | C7: 72 | D7: Male | E7: Married | F7: Salaried | G7: South | H7: No | I7: Yes | J7: 0.49 | K7: 45560
A8: CUST10006 | B8: Julie Herrera | C8: 23 | D8: Female | E8: Single | F8: Salaried | G8: Central | H8: No | I8: No | J8: 0.27 | K8: 46032
A9: CUST10007 | B9: Jessica Khan | C9: 61 | D9: Female | E9: Single | F9: Student | G9: Central | H9: No | I9: Yes | J9: 0.48 | K9: 44267
A10: CUST10008 | B10: Pamela Diaz | C10: 30 | D10: Male | E10: Single | F10: Salaried | G10: North-East | H10: No | I10: No | J10: 0.21 | K10: 45001
A11: CUST10009 | B11: Kelly Lee | C11: 23 | D11: Female | E11: Single | F11: Retired | G11: West | H11: No | I11: No | J11: 0.28 | K11: 44142
A12: CUST10010 | B12: Angel Gordon | C12: 51 | D12: Female | E12: Divorced | F12: Salaried | G12: North-East | H12: Yes | I12: No | J12: 0.36 | K12: 44556
A13: CUST10011 | B13: Diana Hays | C13: 79 | D13: Female | E13: Single | F13: Student | G13: East | H13: No | I13: No | J13: 0.29 | K13: 45184
A14: CUST10012 | B14: Barbara Hester | C14: 64 | D14: Female | E14: Single | F14: Student | G14: West | H14: No | I14: Yes | J14: 0.39 | K14: 44135
A15: CUST10013 | B15: Robert Morgan | C15: 65 | D15: Female | E15: Married | F15: Retired | G15: West | H15: No | I15: Yes | J15: 0.51 | K15: 44512
A16: CUST10014 | B16: Nicole Gonzalez | C16: 63 | D16: Male | E16: Divorced | F16: Retired | G16: North | H16: No | I16: Yes | J16: 0.52 | K16: 45501
... A1649: CUST11647 | B1649: Kayla Burns | C1649: 59 | D1649: Female | E1649: Married | F1649: Salaried | G1649: South | H1649: No | I1649: No | J1649: 0.34 | K1649: 45973

Sheet policy_details
A1: policy_id | B1: customer_id | C1: product_type | D1: coverage_amount | E1: annual_premium | F1: policy_start_date | G1: policy_end_date | H1: agent_id | I1: status | J1: validation_status_customer_master | K1: validation_status_agent_info | M1: Post cleaning validation
A2: POL50000 | B2: CUST10981 | C2: Whole | D2: 678451.61 | E2: 35791.33 | F2: 45612 | G2: 45612 | H2: AGT5097 | I2: Lapsed | J2: =IF(ISNA(_xlfn.XLOOKUP(B2,customer_master!$A$2:$A$1649, customer_master!$A$2:$A$1649)), "Invalid", "Ok") -> Ok | K2: =IF(ISNA(_xlfn.XLOOKUP(H2,agent_info!$A$2:$A$301, agent_info!$A$2:$A$301)), "Invalid", "Ok") -> Ok | M2: Product type values outside Health, Property, Term, Vehicle, Whole | N2: {=SUMPRODUCT(--ISNA(MATCH(C2:C2829, {"Health","Property","Term","Vehicle","Whole"}, 0)))} -> 0
A3: POL50001 | B3: CUST10668 | C3: Vehicle | D3: 620860.29 | E3: 32059.9 | F3: 44874 | G3: 44874 | H3: AGT5176 | I3: Cancelled | J3: =IF(ISNA(_xlfn.XLOOKUP(B3,customer_master!$A$2:$A$1649, customer_master!$A$2:$A$1649)), "Invalid", "Ok") -> Ok | K3: =IF(ISNA(_xlfn.XLOOKUP(H3,agent_info!$A$2:$A$301, agent_info!$A$2:$A$301)), "Invalid", "Ok") -> Ok | M3: Policies with start_date = end_date | N3: {=SUMPRODUCT(--(F2:F2829 = G2:G2829))} -> 2
A4: POL50002 | B4: CUST11630 | C4: Whole | D4: 621616.05 | E4: 33588.95 | F4: 44319 | G4: 44684 | H4: AGT5083 | I4: Lapsed | J4: =IF(ISNA(_xlfn.XLOOKUP(B4,customer_master!$A$2:$A$1649, customer_master!$A$2:$A$1649)), "Invalid", "Ok") -> Ok | K4: =IF(ISNA(_xlfn.XLOOKUP(H4,agent_info!$A$2:$A$301, agent_info!$A$2:$A$301)), "Invalid", "Ok") -> Ok | M4: Duplicate policy_ids | N4: {=SUMPRODUCT(--(COUNTIF(A2:A2829, A2:A2829) > 1))} -> 0
A5: POL50003 | B5: CUST11199 | C5: Vehicle | D5: 460719.82 | E5: 24120.8 | F5: 44208 | G5: 44573 | H5: AGT5083 | I5: Active | J5: =IF(ISNA(_xlfn.XLOOKUP(B5,customer_master!$A$2:$A$1649, customer_master!$A$2:$A$1649)), "Invalid", "Ok") -> Ok | K5: =IF(ISNA(_xlfn.XLOOKUP(H5,agent_info!$A$2:$A$301, agent_info!$A$2:$A$301)), "Invalid", "Ok") -> Ok
A6: POL50004 | B6: CUST10019 | C6: Health | D6: 425070.15 | E6: 20226.38 | F6: 44894 | G6: 45259 | H6: AGT5007 | I6: Active | J6: =IF(ISNA(_xlfn.XLOOKUP(B6,customer_master!$A$2:$A$1649, customer_master!$A$2:$A$1649)), "Invalid", "Ok") -> Ok | K6: =IF(ISNA(_xlfn.XLOOKUP(H6,agent_info!$A$2:$A$301, agent_info!$A$2:$A$301)), "Invalid", "Ok") -> Ok
A7: POL50005 | B7: CUST11386 | C7: Whole | D7: 396231.38 | E7: 19809.52 | F7: 45451 | G7: 45816 | H7: AGT5060 | I7: Active | J7: =IF(ISNA(_xlfn.XLOOKUP(B7,customer_master!$A$2:$A$1649, customer_master!$A$2:$A$1649)), "Invalid", "Ok") -> Ok | K7: =IF(ISNA(_xlfn.XLOOKUP(H7,agent_info!$A$2:$A$301, agent_info!$A$2:$A$301)), "Invalid", "Ok") -> Ok
A8: POL50006 | B8: CUST11165 | C8: Term | D8: 440303.44 | E8: 21593.99 | F8: 44854 | G8: 45219 | H8: AGT5256 | I8: Active | J8: =IF(ISNA(_xlfn.XLOOKUP(B8,customer_master!$A$2:$A$1649, customer_master!$A$2:$A$1649)), "Invalid", "Ok") -> Ok | K8: =IF(ISNA(_xlfn.XLOOKUP(H8,agent_info!$A$2:$A$301, agent_info!$A$2:$A$301)), "Invalid", "Ok") -> Ok
A9: POL50007 | B9: CUST10931 | C9: Property | D9: 514545.29 | E9: 24005.55 | F9: 44181 | G9: 44546 | H9: AGT5179 | I9: Lapsed | J9: =IF(ISNA(_xlfn.XLOOKUP(B9,customer_master!$A$2:$A$1649, customer_master!$A$2:$A$1649)), "Invalid", "Ok") -> Ok | K9: =IF(ISNA(_xlfn.XLOOKUP(H9,agent_info!$A$2:$A$301, agent_info!$A$2:$A$301)), "Invalid", "Ok") -> Ok
A10: POL50008 | B10: CUST10398 | C10: Whole | D10: 593179.09 | E10: 28012.15 | F10: 45503 | G10: 45868 | H10: AGT5110 | I10: Active | J10: =IF(ISNA(_xlfn.XLOOKUP(B10,customer_master!$A$2:$A$1649, customer_master!$A$2:$A$1649)), "Invalid", "Ok") -> Ok | K10: =IF(ISNA(_xlfn.XLOOKUP(H10,agent_info!$A$2:$A$301, agent_info!$A$2:$A$301)), "Invalid", "Ok") -> Ok
A11: POL50009 | B11: CUST10249 | C11: Health | D11: 395783 | E11: 18938.84 | F11: 44350 | G11: 44715 | H11: AGT5006 | I11: Active | J11: =IF(ISNA(_xlfn.XLOOKUP(B11,customer_master!$A$2:$A$1649, customer_master!$A$2:$A$1649)), "Invalid", "Ok") -> Ok | K11: =IF(ISNA(_xlfn.XLOOKUP(H11,agent_info!$A$2:$A$301, agent_info!$A$2:$A$301)), "Invalid", "Ok") -> Ok
A12: POL50010 | B12: CUST11048 | C12: Whole | D12: 599665.29 | E12: 28026.22 | F12: 44730 | G12: 45095 | H12: AGT5102 | I12: Active | J12: =IF(ISNA(_xlfn.XLOOKUP(B12,customer_master!$A$2:$A$1649, customer_master!$A$2:$A$1649)), "Invalid", "Ok") -> Ok | K12: =IF(ISNA(_xlfn.XLOOKUP(H12,agent_info!$A$2:$A$301, agent_info!$A$2:$A$301)), "Invalid", "Ok") -> Ok
A13: POL50011 | B13: CUST10724 | C13: Vehicle | D13: 477535.01 | E13: 22526.8 | F13: 45692 | G13: 46057 | H13: AGT5114 | I13: Lapsed | J13: =IF(ISNA(_xlfn.XLOOKUP(B13,customer_master!$A$2:$A$1649, customer_master!$A$2:$A$1649)), "Invalid", "Ok") -> Ok | K13: =IF(ISNA(_xlfn.XLOOKUP(H13,agent_info!$A$2:$A$301, agent_info!$A$2:$A$301)), "Invalid", "Ok") -> Ok
A14: POL50012 | B14: CUST11424 | C14: Vehicle | D14: 473997.31 | E14: 25673.56 | F14: 45070 | G14: 45436 | H14: AGT5035 | I14: Cancelled | J14: =IF(ISNA(_xlfn.XLOOKUP(B14,customer_master!$A$2:$A$1649, customer_master!$A$2:$A$1649)), "Invalid", "Ok") -> Ok | K14: =IF(ISNA(_xlfn.XLOOKUP(H14,agent_info!$A$2:$A$301, agent_info!$A$2:$A$301)), "Invalid", "Ok") -> Ok
A15: POL50013 | B15: CUST10433 | C15: Health | D15: 681780.47 | E15: 33020.26 | F15: 46231 | G15: 46596 | H15: AGT5182 | I15: Active | J15: =IF(ISNA(_xlfn.XLOOKUP(B15,customer_master!$A$2:$A$1649, customer_master!$A$2:$A$1649)), "Invalid", "Ok") -> Ok | K15: =IF(ISNA(_xlfn.XLOOKUP(H15,agent_info!$A$2:$A$301, agent_info!$A$2:$A$301)), "Invalid", "Ok") -> Ok
A16: POL50014 | B16: CUST11061 | C16: Health | D16: 697320.59 | E16: 37149.87 | F16: 45842 | G16: 46207 | H16: AGT5198 | I16: Active | J16: =IF(ISNA(_xlfn.XLOOKUP(B16,customer_master!$A$2:$A$1649, customer_master!$A$2:$A$1649)), "Invalid", "Ok") -> Ok | K16: =IF(ISNA(_xlfn.XLOOKUP(H16,agent_info!$A$2:$A$301, agent_info!$A$2:$A$301)), "Invalid", "Ok") -> Ok
... A2829: POL52827 | B2829: CUST11588 | C2829: Whole | D2829: 677392.75 | E2829: 33953.16 | F2829: 45558 | G2829: 45923 | H2829: AGT5084 | I2829: Active | J2829: =IF(ISNA(_xlfn.XLOOKUP(B2829,customer_master!$A$2:$A$1649, customer_master!$A$2:$A$1649)), "Invalid", "Ok") -> Ok | K2829: =IF(ISNA(_xlfn.XLOOKUP(H2829,agent_info!$A$2:$A$301, agent_info!$A$2:$A$301)), "Invalid", "Ok") -> Ok

Sheet claim_history
A1: claim_id | B1: policy_id | C1: claim_date | D1: claim_amount | E1: claim_status | F1: claim_type | G1: fraud_flag | H1: days_to_process | I1: validation_status_policy_details | K1: Post cleaning validation
A2: CLM70000 | B2: POL50356 | C2: 45999 | D2: 1379173.1 | E2: Pending | F2: Death | G2: Yes | H2: 4 | I2: =IF(ISNA(_xlfn.XLOOKUP(B2, policy_details!$A$2:$A$2829, policy_details!$A$2:$A$2829)), "Invalid", "Ok") -> Ok | K2: Claim status values outside Pending, Approved, Rejected | L2: {=SUMPRODUCT(--ISNA(MATCH(E2:E1407, {"Pending","Approved","Rejected"},0)))} -> 0
A3: CLM70001 | B3: POL50689 | C3: 44991 | D3: 51992.54 | E3: Approved | F3: Other | G3: No | H3: 41 | I3: =IF(ISNA(_xlfn.XLOOKUP(B3, policy_details!$A$2:$A$2829, policy_details!$A$2:$A$2829)), "Invalid", "Ok") -> Ok | K3: Duplicate claim_ids | L3: {=SUMPRODUCT(--(COUNTIF(A2:A1407,A2:A1407) > 1))} -> 0
A4: CLM70002 | B4: POL51048 | C4: 45009 | D4: 230303.22 | E4: Pending | F4: Other | G4: No | H4: 44 | I4: =IF(ISNA(_xlfn.XLOOKUP(B4, policy_details!$A$2:$A$2829, policy_details!$A$2:$A$2829)), "Invalid", "Ok") -> Ok
A5: CLM70003 | B5: POL51484 | C5: 46249 | D5: 1756085.1 | E5: Rejected | F5: Death | G5: No | H5: 29 | I5: =IF(ISNA(_xlfn.XLOOKUP(B5, policy_details!$A$2:$A$2829, policy_details!$A$2:$A$2829)), "Invalid", "Ok") -> Ok
A6: CLM70004 | B6: POL51823 | C6: 44453 | D6: 273937.91 | E6: Approved | F6: Hospital | G6: No | H6: 1 | I6: =IF(ISNA(_xlfn.XLOOKUP(B6, policy_details!$A$2:$A$2829, policy_details!$A$2:$A$2829)), "Invalid", "Ok") -> Ok
A7: CLM70005 | B7: POL50457 | C7: 45328 | D7: 223326.99 | E7: Rejected | F7: Hospital | G7: No | H7: 39 | I7: =IF(ISNA(_xlfn.XLOOKUP(B7, policy_details!$A$2:$A$2829, policy_details!$A$2:$A$2829)), "Invalid", "Ok") -> Ok
A8: CLM70006 | B8: POL50533 | C8: 45698 | D8: 231189.32 | E8: Approved | F8: Other | G8: No | H8: 22 | I8: =IF(ISNA(_xlfn.XLOOKUP(B8, policy_details!$A$2:$A$2829, policy_details!$A$2:$A$2829)), "Invalid", "Ok") -> Ok
A9: CLM70007 | B9: POL50488 | C9: 44651 | D9: 339906.64 | E9: Pending | F9: Theft | G9: No | H9: 11 | I9: =IF(ISNA(_xlfn.XLOOKUP(B9, policy_details!$A$2:$A$2829, policy_details!$A$2:$A$2829)), "Invalid", "Ok") -> Ok
A10: CLM70008 | B10: POL52130 | C10: 44442 | D10: 233789.27 | E10: Approved | F10: Theft | G10: No | H10: 17 | I10: =IF(ISNA(_xlfn.XLOOKUP(B10, policy_details!$A$2:$A$2829, policy_details!$A$2:$A$2829)), "Invalid", "Ok") -> Ok
A11: CLM70009 | B11: POL50852 | C11: 45545 | D11: 242688.19 | E11: Pending | F11: Theft | G11: No | H11: 42 | I11: =IF(ISNA(_xlfn.XLOOKUP(B11, policy_details!$A$2:$A$2829, policy_details!$A$2:$A$2829)), "Invalid", "Ok") -> Ok
A12: CLM70010 | B12: POL50469 | C12: 44663 | D12: 2060833.3 | E12: Approved | F12: Death | G12: No | H12: 35 | I12: =IF(ISNA(_xlfn.XLOOKUP(B12, policy_details!$A$2:$A$2829, policy_details!$A$2:$A$2829)), "Invalid", "Ok") -> Ok
A13: CLM70011 | B13: POL51213 | C13: 44618 | D13: 1316817.7 | E13: Approved | F13: Death | G13: No | H13: 27 | I13: =IF(ISNA(_xlfn.XLOOKUP(B13, policy_details!$A$2:$A$2829, policy_details!$A$2:$A$2829)), "Invalid", "Ok") -> Ok
A14: CLM70012 | B14: POL50698 | C14: 44815 | D14: 100534.98 | E14: Rejected | F14: Other | G14: No | H14: 33 | I14: =IF(ISNA(_xlfn.XLOOKUP(B14, policy_details!$A$2:$A$2829, policy_details!$A$2:$A$2829)), "Invalid", "Ok") -> Ok
A15: CLM70013 | B15: POL51040 | C15: 45307 | D15: 1695470.8 | E15: Rejected | F15: Death | G15: No | H15: 38 | I15: =IF(ISNA(_xlfn.XLOOKUP(B15, policy_details!$A$2:$A$2829, policy_details!$A$2:$A$2829)), "Invalid", "Ok") -> Ok
... A1407: CLM71405 | B1407: POL51669 | C1407: 45206 | D1407: 409501.36 | E1407: Approved | F1407: Accident | G1407: No | H1407: 41 | I1407: =IF(ISNA(_xlfn.XLOOKUP(B1407, policy_details!$A$2:$A$2829, policy_details!$A$2:$A$2829)), "Invalid", "Ok") -> Ok

Sheet agent_info
A1: agent_id | B1: region | C1: join_date | D1: total_policies_sold | E1: lapsed_policies | F1: avg_premium_sold | G1: fraud_association | I1: Validation Check
A2: AGT5000 | B2: Central | C2: 45693 | D2: 14 | E2: 8 | F2: 28428.89 | G2: 0 | I2: Duplicate agent_ids | J2: {=SUMPRODUCT(--(COUNTIF(A2:A301, A2:A301) > 1))} -> 0
A3: AGT5001 | B3: Central | C3: 44946 | D3: 18 | E3: 3 | F3: 27006.22 | G3: 9
A4: AGT5002 | B4: North-East | C4: 45105 | D4: 6 | E4: 2 | F4: 31011.05 | G4: 1
A5: AGT5003 | B5: East | C5: 44849 | D5: 15 | E5: 6 | F5: 27809.79 | G5: 1
A6: AGT5004 | B6: Central | C6: 45458 | D6: 9 | E6: 2 | F6: 30354.31 | G6: 0
A7: AGT5005 | B7: East | C7: 45557 | D7: 13 | E7: 2 | F7: 29279.41 | G7: 1
A8: AGT5006 | B8: Central | C8: 45197 | D8: 6 | E8: 1 | F8: 25073.54 | G8: 0
A9: AGT5007 | B9: Central | C9: 44869 | D9: 7 | E9: 2 | F9: 24386.2 | G9: 0
A10: AGT5008 | B10: North | C10: 44854 | D10: 9 | E10: 1 | F10: 29321.63 | G10: 0
A11: AGT5009 | B11: East | C11: 44150 | D11: 7 | E11: 1 | F11: 29698.71 | G11: 0
A12: AGT5010 | B12: East | C12: 44701 | D12: 7 | E12: 2 | F12: 31078.17 | G12: 0
A13: AGT5011 | B13: South | C13: 44923 | D13: 7 | E13: 2 | F13: 26780.74 | G13: 0
A14: AGT5012 | B14: West | C14: 44486 | D14: 9 | E14: 2 | F14: 30653.83 | G14: 0
... A301: AGT5299 | B301: South | C301: 45879 | D301: 12 | E301: 1 | F301: 29429.2 | G301: 1

Sheet customer_feedback_surveys
A1: feedback_id | B1: customer_id | C1: date_submitted | D1: feedback_text | E1: satisfaction_score | F1: contacted_agent | G1: referred_claim | H1: feedback_type | J1: Cleaning summary
A2: FDB80000 | B2: CUST11173 | C2: 45829 | D2: Had to wait too long for claim approval. | E2: 1 | F2: Yes | G2: No | H2: =IF(ISNA(_xlfn.XLOOKUP(B2, customer_master!$A$2:$A$1649, customer_master!$A$2:$A$1649)), "Orphan", "Valid") -> Valid | J2: Total feedbacks | K2: =COUNTA(H2:H1001) -> 1000
A3: FDB80001 | B3: CUST10158 | C3: 45523 | D3: Need more clarity on policy coverage. | E3: 2 | F3: No | G3: No | H3: =IF(ISNA(_xlfn.XLOOKUP(B3, customer_master!$A$2:$A$1649, customer_master!$A$2:$A$1649)), "Orphan", "Valid") -> Valid | J3: Valid feedbacks | K3: =COUNTIF(H2:H1001, "Valid") -> 631
A4: FDB80002 | B4: CUST10351 | C4: 45571 | D4: The mobile app experience was intuitive. | E4: 4 | F4: No | G4: No | H4: =IF(ISNA(_xlfn.XLOOKUP(B4, customer_master!$A$2:$A$1649, customer_master!$A$2:$A$1649)), "Orphan", "Valid") -> Valid | J4: Orphan feedbacks | K4: =COUNTIF(H2:H1001, "Orphan") -> 369
A5: FDB80003 | B5: CUST99230 | C5: 45288 | D5: Claim process could be faster. | E5: 2 | F5: Yes | G5: No | H5: =IF(ISNA(_xlfn.XLOOKUP(B5, customer_master!$A$2:$A$1649, customer_master!$A$2:$A$1649)), "Orphan", "Valid") -> Orphan | J5: Duplicate feedback_ids | K5: {=SUMPRODUCT(--(COUNTIF(A2:A1001, A2:A1001) > 1))} -> 0
A6: FDB80004 | B6: CUST99154 | C6: 46142 | D6: Frustrated with repeated documentation requests. | E6: 2 | F6: No | G6: Yes | H6: =IF(ISNA(_xlfn.XLOOKUP(B6, customer_master!$A$2:$A$1649, customer_master!$A$2:$A$1649)), "Orphan", "Valid") -> Orphan
A7: FDB80005 | B7: CUST10847 | C7: 46225 | D7: Excellent customer service support. | E7: 4 | F7: No | G7: No | H7: =IF(ISNA(_xlfn.XLOOKUP(B7, customer_master!$A$2:$A$1649, customer_master!$A$2:$A$1649)), "Orphan", "Valid") -> Valid
A8: FDB80006 | B8: CUST11210 | C8: 46007 | D8: Frustrated with repeated documentation requests. | E8: 2 | F8: No | G8: Yes | H8: =IF(ISNA(_xlfn.XLOOKUP(B8, customer_master!$A$2:$A$1649, customer_master!$A$2:$A$1649)), "Orphan", "Valid") -> Valid
A9: FDB80007 | B9: CUST99218 | C9: 45521 | D9: Excellent customer service support. | E9: 5 | F9: No | G9: Yes | H9: =IF(ISNA(_xlfn.XLOOKUP(B9, customer_master!$A$2:$A$1649, customer_master!$A$2:$A$1649)), "Orphan", "Valid") -> Orphan
A10: FDB80008 | B10: CUST99270 | C10: 45760 | D10: Claim process could be faster. | E10: 2 | F10: Yes | G10: Yes | H10: =IF(ISNA(_xlfn.XLOOKUP(B10, customer_master!$A$2:$A$1649, customer_master!$A$2:$A$1649)), "Orphan", "Valid") -> Orphan
A11: FDB80009 | B11: CUST11581 | C11: 45602 | D11: The agent was helpful and explained everything. | E11: 4 | F11: No | G11: Yes | H11: =IF(ISNA(_xlfn.XLOOKUP(B11, customer_master!$A$2:$A$1649, customer_master!$A$2:$A$1649)), "Orphan", "Valid") -> Valid
A12: FDB80010 | B12: CUST99089 | C12: 46114 | D12: I'm not happy with the premium charged. | E12: 2 | F12: Yes | G12: No | H12: =IF(ISNA(_xlfn.XLOOKUP(B12, customer_master!$A$2:$A$1649, customer_master!$A$2:$A$1649)), "Orphan", "Valid") -> Orphan
A13: FDB80011 | B13: CUST99136 | C13: 45715 | D13: Frustrated with repeated documentation requests. | E13: 2 | F13: Yes | G13: No | H13: =IF(ISNA(_xlfn.XLOOKUP(B13, customer_master!$A$2:$A$1649, customer_master!$A$2:$A$1649)), "Orphan", "Valid") -> Orphan
A14: FDB80012 | B14: CUST10192 | C14: 45681 | D14: Excellent customer service support. | E14: 4 | F14: Yes | G14: No | H14: =IF(ISNA(_xlfn.XLOOKUP(B14, customer_master!$A$2:$A$1649, customer_master!$A$2:$A$1649)), "Orphan", "Valid") -> Valid
A15: FDB80013 | B15: CUST11249 | C15: 46078 | D15: Excellent customer service support. | E15: 4 | F15: No | G15: Yes | H15: =IF(ISNA(_xlfn.XLOOKUP(B15, customer_master!$A$2:$A$1649, customer_master!$A$2:$A$1649)), "Orphan", "Valid") -> Valid
A16: FDB80014 | B16: CUST99098 | C16: 45665 | D16: Very satisfied with the claim process. | E16: 5 | F16: Yes | G16: No | H16: =IF(ISNA(_xlfn.XLOOKUP(B16, customer_master!$A$2:$A$1649, customer_master!$A$2:$A$1649)), "Orphan", "Valid") -> Orphan
A17: FDB80015 | B17: CUST99113 | C17: 46185 | D17: The agent was helpful and explained everything. | E17: 5 | F17: No | G17: No | H17: =IF(ISNA(_xlfn.XLOOKUP(B17, customer_master!$A$2:$A$1649, customer_master!$A$2:$A$1649)), "Orphan", "Valid") -> Orphan
... A1001: FDB80999 | B1001: CUST11568 | C1001: 45619 | D1001: Smooth experience with no issues. | E1001: 4 | F1001: No | G1001: No | H1001: =IF(ISNA(_xlfn.XLOOKUP(B1001, customer_master!$A$2:$A$1649, customer_master!$A$2:$A$1649)), "Orphan", "Valid") -> Valid

Sheet customer_feedback_surveys_valid
A1: feedback_id | B1: customer_id | C1: date_submitted | D1: feedback_text | E1: satisfaction_score | F1: contacted_agent | G1: referred_claim | H1: feedback_type
A2: {=_xlfn._xlws.FILTER(customer_feedback_surveys!A2:H1001,(customer_feedback_surveys!H2:H1001="Valid"))} -> FDB80000 | B2: CUST11173 | C2: 45829 | D2: Had to wait too long for claim approval. | E2: 1 | F2: Yes | G2: No | H2: Valid
A3: FDB80001 | B3: CUST10158 | C3: 45523 | D3: Need more clarity on policy coverage. | E3: 2 | F3: No | G3: No | H3: Valid
A4: FDB80002 | B4: CUST10351 | C4: 45571 | D4: The mobile app experience was intuitive. | E4: 4 | F4: No | G4: No | H4: Valid
A5: FDB80005 | B5: CUST10847 | C5: 46225 | D5: Excellent customer service support. | E5: 4 | F5: No | G5: No | H5: Valid
A6: FDB80006 | B6: CUST11210 | C6: 46007 | D6: Frustrated with repeated documentation requests. | E6: 2 | F6: No | G6: Yes | H6: Valid
A7: FDB80009 | B7: CUST11581 | C7: 45602 | D7: The agent was helpful and explained everything. | E7: 4 | F7: No | G7: Yes | H7: Valid
A8: FDB80012 | B8: CUST10192 | C8: 45681 | D8: Excellent customer service support. | E8: 4 | F8: Yes | G8: No | H8: Valid
A9: FDB80013 | B9: CUST11249 | C9: 46078 | D9: Excellent customer service support. | E9: 4 | F9: No | G9: Yes | H9: Valid
A10: FDB80017 | B10: CUST10277 | C10: 45489 | D10: Smooth experience with no issues. | E10: 4 | F10: Yes | G10: No | H10: Valid
A11: FDB80019 | B11: CUST11086 | C11: 45539 | D11: Need more clarity on policy coverage. | E11: 2 | F11: Yes | G11: No | H11: Valid
A12: FDB80020 | B12: CUST10130 | C12: 45681 | D12: Had to wait too long for claim approval. | E12: 1 | F12: Yes | G12: No | H12: Valid
A13: FDB80021 | B13: CUST11082 | C13: 45361 | D13: The agent was helpful and explained everything. | E13: 4 | F13: Yes | G13: No | H13: Valid
A14: FDB80022 | B14: CUST11406 | C14: 46167 | D14: Smooth experience with no issues. | E14: 5 | F14: No | G14: No | H14: Valid
... A632: FDB80999 | B632: CUST11568 | C632: 45619 | D632: Smooth experience with no issues. | E632: 4 | F632: No | G632: No | H632: Valid
